{
    "categories" : [
        {
            "id": 1,
            "title": "Website",
            "key": "website",
            "description": "Become a Web developer",
            "modules": [
                {
                    "id": 4,
                    "title": "Static Website",
                    "key": "static-website",
                    "description": "if your are a noobie"
                },
                {
                    "id": 5,
                    "title": "Dynamic Webiste",
                    "key": "dynamic-website",
                    "description": "if your are ready to challenge"
                }
            ]
        },
        {
            "id": 2,
            "title": "Mobile App",
            "key": "mobile-app",
            "description": "become a mobile app developer",
            "modules": [
                {
                    "id": 6,
                    "title": "Simple Android App",
                    "key": "simple-android-app",
                    "description": "if your not confident enough"
                },
                {
                    "id": 7,
                    "title": "Complex Android App",
                    "key": "complex-android-app",
                    "description": "get your wheels hot"
                },
                {
                    "id": 8,
                    "title": "Hybrid App",
                    "key": "hybrid-app",
                    "description": "build the unnatural"
                }
            ]
        },
        {
            "id": 3,
            "title": "Problem Solving",
            "key": "problem-solving",
            "description": "the worlds need it",
            "modules": [
                {
                    "id": 9,
                    "title": "Getting Started",
                    "key": "getting-started",
                    "description": "it's your first step",
                    "modules": [
                        {
                            "id": 11,
                            "title": "Basics of Programming",
                            "key": "basics-programming"
                        },
                        {
                            "id": 12,
                            "title": "Basics of Functional Programming",
                            "key": "functional-programming"
                        },
                        {
                            "id": 13,
                            "title": "Basics of Scripting languages",
                            "key": "scripting-languages"
                        },
                        {
                            "id": 14,
                            "title": "Basics of OOPS",
                            "key": "basics-oops"
                        },
                        {
                            "id": 15,
                            "title": "HTML and CSS",
                            "key": "html-css"
                        },
                        {
                            "id": 16,
                            "title": "Basics of Java",
                            "key": "java"
                        },
                        {
                            "id": 17,
                            "title": "Basics of C",
                            "key": "c"
                        }
                    ]
                },
                {
                    "id": 10,
                    "title": "Intermediate",
                    "key": "intermediate",
                    "description": "you are amazing to come here",
                    "modules": [
                        {
                            "id": 17,
                            "title": "Data Structures & Algorithms",
                            "key": "data-structures-alogrithms"
                        },
                        {
                            "id": 18,
                            "title": "Advanced Algorithms",
                            "key": "advanced-algorithms"
                        },
                        {
                            "id": 19,
                            "title": "NodeJS & npm",
                            "key": "nodejs-npm"
                        },
                        {
                            "id": 20,
                            "title": "Basics of Dart",
                            "key": "dart"
                        },
                        {
                            "id": 21,
                            "title": "Basics of JavaScript",
                            "key": "javascript"
                        },
                        {
                            "id": 13,
                            "title": "Basics of XML",
                            "key": "xml"
                        }
                    ]
                }
            ]
        },
        {
            "id": 4,
            "title": "Cloud",
            "key": "cloud",
            "description": "Become a Cloud Engineer",
            "modules": [
                {
                    "id": 125,
                    "title": "AWS",
                    "key": "amazon-web-services",
                    "description": "Learn Amazon Web Services and start practising"
                }
            ]
        }
    ],
    "modules": [
        {
            "id": 100,
            "key": "static-website",
            "title": "Static Website",
            "category": 1,
            "description": "Get to know about how to create a simple static website that shows your content in the browser",
            "popularity": null,
            "stableVersion": null,
            "subModules": [],
            "download": [
                {
                    "title": "Good Browser (suggestion: Google Chrome)",
                    "url" : "https://www.google.com/intl/en_in/chrome/"
                }
            ],
            "knowledge": [
                {
                    "title": "Knowledge about browser",
                    "url": "https://www.youtube.com/watch?v=BrXPcaRlBqo"
                },
                {
                    "title": "Structure of website",
                    "url": "https://www.marketing91.com/website-structure/"
                },
                {
                    "title": "HTML and CSS",
                    "url": null,
                    "key": "html-css"
                },
                {
                    "title": "JavaScript",
                    "url": null,
                    "key": "javascript"
                }
            ],
            "tutorials": {
                "blogs": ["https://www.w3schools.com", "https://www.techwalla.com/articles/how-to-make-a-static-web-page"],
                "youtube": ["https://www.youtube.com/watch?v=PlxWf493en4"],
                "udemy": ["https://www.udemy.com/course/html-and-css-for-beginners-crash-course-learn-fast-easy/"]
            },
            "steps": [
                {
                    "title": "What is internet?",
                    "url": "https://www.youtube.com/watch?v=TNQsmPf24go"
                },
                {
                    "title": "How browsers work?",
                    "url": "https://www.youtube.com/watch?v=WjDrMKZWCt0"
                },
                {
                    "title": "Learn HTML Basic Tags",
                    "url": "https://www.youtube.com/watch?v=bUEykHfMMnc"
                },
                {
                    "title": "Learn CSS Basics",
                    "url": "https://www.youtube.com/watch?v=6vbgZnQrpbU"
                },
                {
                    "title": "Learn javascript",
                    "url": null,
                    "key": "javascript"
                },
                {
                    "title": "Try creating a simple website",
                    "url": null,
                    "key": "static-website"
                },
                {
                    "title": "Test with different browsers",
                    "url": "https://www.youtube.com/watch?v=vs2TYCMCuL8"
                }
            ]
        },
        {
            "id": 101,
            "key": "dynamic-website",
            "title": "Dynamic Website",
            "category": null,
            "description": "Know how to develop dynamic websites to change your content in the browser",
            "popularity": "Demand in 2021",
            "stableVersion": null,
            "subModules": [
                {
                    "title": "Front End",
                    "key": "front-end"
                },
                {
                    "title": "Server Side",
                    "key": "server-side"
                }
            ],
            "download": [
                {
                    "title": "Good Browser (suggestion: Google Chrome)",
                    "url" : "https://www.google.com/intl/en_in/chrome/"
                }
            ],
            "knowledge": [
                {
                    "title": "Static Website",
                    "url": null,
                    "key": "static-website"
                },
                {
                    "title": "JavaScript",
                    "url": null,
                    "key": "javascript"
                }
            ],
            "tutorials": {
                "blogs": ["https://www.geeksforgeeks.org/static-vs-dynamic-website/", "https://wpamelia.com/static-vs-dynamic-website/"],
                "youtube": ["https://www.youtube.com/watch?v=_wFJj94kSTU", "https://www.youtube.com/watch?v=M_FWHUceu0o"],
                "udemy": ["https://www.udemy.com/course/create-a-dynamic-user-registration-form-from-scratch/", "https://www.udemy.com/course/jquery-ajax/"]
            },
            "steps": [
                {
                    "title": "Complete Static Website Module",
                    "url": null,
                    "key": "static-website"
                },
                {
                    "title": "Learn Javscript",
                    "url": null,
                    "key": "javascript"
                },
                {
                    "title": "Learn Client-Server Architecture",
                    "url": "https://www.youtube.com/watch?v=L5BlpPU_muY"
                },
                {
                    "title": "Learn how APIs work",
                    "url": "https://www.youtube.com/watch?v=Yzx7ihtCGBs"
                }
            ]
        },
        {
            "id": 103,
            "key": "front-end",
            "title": "Front End of a website",
            "category": 5,
            "description": "Start to learn what is front-end and how to develop it",
            "popularity": "High Demand in 2021",
            "stableVersion": null,
            "download": [
                {
                    "title": "Good Browser (suggestion: Google Chrome)",
                    "url" : "https://www.google.com/intl/en_in/chrome/"
                }
            ],
            "knowledge": [
                {
                    "title": "Static Website",
                    "url": null,
                    "key": "static-website"
                },
                {
                    "title": "Dynamic Website",
                    "url": "",
                    "key": "dynamic-website"
                }
            ],
            "tutorials": {
                "blogs": ["https://www.w3schools.com/whatis/", "https://frontendmasters.com/books/front-end-handbook/2018/what-is-a-FD.html"],
                "youtube": ["https://www.youtube.com/watch?v=QA0XpGhiz5w", "https://www.youtube.com/watch?v=gFKsEab2-iA"],
                "udemy": ["https://www.udemy.com/course/learn-front-end-basics-by-making-a-personal-website/"]
            },
            "steps": [
                {
                    "title": "Complete Dynamic Website Module",
                    "url": null,
                    "key": "dynamic-website"
                },
                {
                    "title": "Learn how apis work",
                    "url": "https://www.youtube.com/watch?v=Yzx7ihtCGBs"
                },
                {
                    "title": "Learn UI and UX",
                    "url": "https://www.youtube.com/watch?v=TgqeRTwZvIo"
                },
                {
                    "title": "Learn JavaScript frameworks",
                    "url": "https://www.youtube.com/watch?v=W0xaMWenaY0"
                }
            ]
        },
        {
            "id": 104,
            "key": "scripting-languages",
            "title": "Scripting Languages",
            "category": 3,
            "description": "Know about scripting languages and how they differ from others",
            "popularity": null,
            "stableVersion": null,
            "download": [
                {
                    "title": "An IDE (suggestion: VS Code)",
                    "url" : "https://code.visualstudio.com/download"
                },
                {
                    "title": "Good Browser (suggestion: Google Chrome)",
                    "url" : "https://www.google.com/intl/en_in/chrome/"
                }
            ],
            "knowledge": [
                {
                    "title": "Basics of programming",
                    "url": null,
                    "key": "basics-programming"
                }
            ],
            "tutorials": {
                "blogs": ["https://www.geeksforgeeks.org/introduction-to-scripting-languages/", "https://www.geeksforgeeks.org/whats-the-difference-between-scripting-and-programming-languages/", "https://careerkarma.com/blog/what-is-a-scripting-language/"],
                "youtube": ["https://www.youtube.com/watch?v=V6r_KRA9BIw"],
                "udemy": []
            },
            "steps": [
                {
                    "title": "Complete Basics of programming Module",
                    "url": null,
                    "key": "basics-programming"
                }
            ]
        },
        {
            "id": 105,
            "key": "basics-programming",
            "title": "Basics of programming",
            "category": 3,
            "description": "Know about programming in general how they work",
            "popularity": "Must needed in 2021",
            "stableVersion": null,
            "download": [
                {
                    "title": "An IDE (suggestion: Code Blocks)",
                    "url" : "https://www.codeblocks.org/downloads/"
                },
                {
                    "title": "A Compiler (suggestion: C)",
                    "url" : "https://www.codechef.com/ide"
                }
            ],
            "knowledge": [
                {
                    "title": "How programming language communicate to processor",
                    "url": "https://www.youtube.com/watch?v=3wuMRPhSNd0"
                },
                {
                    "title": "High level and Binary Language",
                    "url": "https://www.youtube.com/watch?v=bUWCD45qniA"
                }
            ],
            "tutorials": {
                "blogs": ["https://hackr.io/blog/what-is-programming", "https://www.freecodecamp.org/news/introduction-to-computer-programming-and-computer-science-course/"],
                "youtube": ["https://www.youtube.com/watch?v=zOjov-2OZ0E"],
                "udemy": ["https://www.udemy.com/course/understandingc/"]
            },
            "steps": [
                {
                    "title": "Learn how computer instructions work",
                    "url": "https://www.youtube.com/watch?v=3wuMRPhSNd0"
                },
                {
                    "title": "Choose any one programming language you are comfortable with",
                    "url": null
                },
                {
                    "title": "Learn basics of that language",
                    "url": null
                },
                {
                    "title": "Learn its syntax",
                    "url": null
                },
                {
                    "title": "Try to solve problems",
                    "url": "https://www.hackerrank.com"
                }
            ]
        },
        {
            "id": 106,
            "key": "basics-oops",
            "title": "Basics of Object Oriented Programming",
            "category": 3,
            "description": "Learn how object oriented programming in general how they are used",
            "popularity": "Needed all the time",
            "stableVersion": null,
            "download": [
                {
                    "title": "An IDE (suggestion: Code Blocks)",
                    "url" : "https://www.codeblocks.org/downloads/"
                },
                {
                    "title": "A Compiler (suggestion: Java)",
                    "url" : "https://www.codechef.com/ide"
                }
            ],
            "knowledge": [
                {
                    "title": "Basics of programming",
                    "url": null,
                    "key": "basics-programming"
                },
                {
                    "title": "Basics of Java",
                    "url": null,
                    "key": "java"
                }
            ],
            "tutorials": {
                "blogs": ["https://www.javatpoint.com/java-oops-concepts", "https://www.geeksforgeeks.org/object-oriented-programming-oops-concept-in-java/"],
                "youtube": ["https://www.youtube.com/watch?v=SiBw7os-_zI"],
                "udemy": ["https://www.udemy.com/course/master-object-oriented-programming-concepts/"]
            },
            "steps": [
                {
                    "title": "Complete Basics of programming Module",
                    "url": null,
                    "key": "basics-programming"
                },
                {
                    "title": "Learn Basics of Java",
                    "url": null,
                    "key": "java"
                },
                {
                    "title": "Try to implement OOPs concepts in any problem solving",
                    "url": null
                }
            ]
        },
        {
            "id": 107,
            "key": "java",
            "title": "Basics of Java",
            "category": 3,
            "description": "Learn how java programming language used for development and learn it",
            "popularity": null,
            "stableVersion": null,
            "download": [
                {
                    "title": "An IDE (suggestion: Code Blocks)",
                    "url" : "https://www.codeblocks.org/downloads/"
                },
                {
                    "title": "A Java Compiler",
                    "url" : "https://www.codechef.com/ide"
                }
            ],
            "knowledge": [
                {
                    "title": "Basics of programming",
                    "url": null,
                    "key": "basics-programming"
                }
            ],
            "tutorials": {
                "blogs": ["https://www.tutorialspoint.com/java/java_basic_syntax.htm", "https://www.javatpoint.com/java-tutorial"],
                "youtube": ["https://youtu.be/eIrMbAQSU34"],
                "udemy": ["https://www.udemy.com/course/java-tutorial/"]
            },
            "steps": [
                {
                    "title": "Complete Basics of programming Module",
                    "url": null,
                    "key": "basics-programming"
                },
                {
                    "title": "Try to solve problems using java",
                    "url": null
                }
            ]
        },
        {
            "id": 108,
            "key": "javascript",
            "title": "Basics of JavaScript",
            "category": 3,
            "description": "Learn how javascript influences the internet world",
            "popularity": "Must needed in 2021",
            "stableVersion": null,
            "download": [
                {
                    "title": "An IDE (suggestion: VS Code)",
                    "url" : "https://code.visualstudio.com/download"
                },
                {
                    "title": "A Good Browser (suggestion: Google Chrome)",
                    "url" : "https://www.google.com/chrome/"
                }
            ],
            "knowledge": [
                {
                    "title": "Basics of programming",
                    "url": null,
                    "key": "basics-programming"
                },
                {
                    "title": "Basics of functional programming",
                    "url": null,
                    "key": "functional-programming"
                }
            ],
            "tutorials": {
                "blogs": ["https://www.w3schools.com/js/DEFAULT.asp", "https://developer.mozilla.org/en-US/docs/Web/JavaScript"],
                "youtube": ["https://www.youtube.com/watch?v=W6NZfCO5SIk", "https://www.youtube.com/watch?v=PkZNo7MFNFg"],
                "udemy": ["https://www.udemy.com/course/javascriptfundamentals/"]
            },
            "steps": [
                {
                    "title": "Complete Basics of programming Module",
                    "url": null,
                    "key": "basics-programming"
                },
                {
                    "title": "Complete Basics of functional programming Module",
                    "url": null,
                    "key": "functional-programming"
                },
                {
                    "title": "Try to solve problems using javascript",
                    "url": null
                }
            ]
        },
        {
            "id": 109,
            "key": "functional-programming",
            "title": "Basics of functional programming",
            "category": 3,
            "description": "Learn what is and how to develop using funcitonal programming",
            "popularity": "Needed in 2021",
            "stableVersion": null,
            "download": [
                {
                    "title": "An IDE (suggestion: VS Code)",
                    "url" : "https://code.visualstudio.com/download"
                },
                {
                    "title": "A Good Browser (suggestion: Google Chrome)",
                    "url" : "https://www.google.com/chrome/"
                }
            ],
            "knowledge": [
                {
                    "title": "Basics of programming",
                    "url": null,
                    "key": "basics-programming"
                }
            ],
            "tutorials": {
                "blogs": ["https://www.geeksforgeeks.org/functional-programming-paradigm/", "https://www.freecodecamp.org/news/an-introduction-to-the-basic-principles-of-functional-programming-a2c2a15c84/"],
                "youtube": ["https://www.youtube.com/watch?v=dAPL7MQGjyM", "https://www.youtube.com/watch?v=VRpHdSFWGPs"],
                "udemy": ["https://www.udemy.com/course/functional-programming-for-javascript-developers/"]
            },
            "steps": [
                {
                    "title": "Complete Basics of programming Module",
                    "url": null,
                    "key": "basics-programming"
                },
                {
                    "title": "Try to solve problems using functional programming concepts",
                    "url": null
                }
            ]
        },
        {
            "id": 110,
            "key": "html-css",
            "title": "HTML and CSS",
            "category": 1,
            "description": "Learn how html and css scripts works with the browser and internet",
            "popularity": "Needed in 2021",
            "stableVersion": null,
            "download": [
                {
                    "title": "An IDE (suggestion: VS Code)",
                    "url" : "https://code.visualstudio.com/download"
                },
                {
                    "title": "A Good Browser (suggestion: Google Chrome)",
                    "url" : "https://www.google.com/chrome/"
                }
            ],
            "knowledge": [
                {
                    "title": "Basics of scripting languages",
                    "url": null,
                    "key": "scripting-languages"
                },
                {
                    "title": "Browser and Internet working",
                    "url": "https://www.youtube.com/watch?v=hJHvdBlSxug"
                }
            ],
            "tutorials": {
                "blogs": ["https://www.w3.org/standards/webdesign/htmlcss.html", "https://learn.shayhowe.com/html-css/"],
                "youtube": ["https://www.youtube.com/watch?v=D-h8L5hgW-w", "https://www.youtube.com/watch?v=mU6anWqZJcc"],
                "udemy": ["https://www.udemy.com/course/javascriptfundamentals/"]
            },
            "steps": [
                {
                    "title": "Complete Basics of scripting language Module",
                    "url": null,
                    "key": "scripting-languages"
                },
                {
                    "title": "Try and work on it",
                    "url": null
                }
            ]
        },
        {
            "id": 111,
            "key": "react",
            "title": "React",
            "category": 1,
            "description": "Know things about react js a javascript framework",
            "popularity": "Must Needed in 2021",
            "stableVersion": null,
            "download": [
                {
                    "title": "React",
                    "url": "https://reactjs.org"
                },
                {
                    "title": "NodeJS",
                    "url": "https://nodejs.org"
                },
                {
                    "title": "An IDE (suggestion: VS Code)",
                    "url" : "https://code.visualstudio.com/download"
                },
                {
                    "title": "A Good Browser (suggestion: Google Chrome)",
                    "url" : "https://www.google.com/chrome/"
                }
            ],
            "knowledge": [
                {
                    "title": "Basics of Web App Architecture",
                    "url": "https://www.youtube.com/watch?v=AYHE2m651dY"
                },
                {
                    "title": "Static Website",
                    "url": null,
                    "key": "static-website"
                },
                {
                    "title": "Basics of javascript",
                    "url": null,
                    "key": "javascript"
                },
                {
                    "title": "Basics of NodeJS and npm",
                    "url": null,
                    "key": "nodejs-npm"
                }
            ],
            "tutorials": {
                "blogs": ["https://reactjs.org/tutorial/tutorial.html", "https://react-tutorial.app", "https://www.freecodecamp.org/news/react-beginner-handbook/"],
                "youtube": ["https://www.youtube.com/watch?v=w7ejDZ8SWv8", "https://www.youtube.com/watch?v=Ke90Tje7VS0&t=1s"],
                "udemy": ["https://www.udemy.com/course/react-tutorial/", "https://www.udemy.com/course/react-basic-in-just-1-hour/"]
            },
            "steps": [
                {
                    "title": "Complete Basics of scripting language Module",
                    "url": null,
                    "key": "scripting-languages"
                },
                {
                    "title": "Complete Basics of Javascript language Module",
                    "url": null,
                    "key": "javasript"
                },
                {
                    "title": "Complete Basics of nodejs and npm Module",
                    "url": null,
                    "key": "nodejs-npm"
                },
                {
                    "title": "Try and work on it",
                    "url": null
                }
            ]
        },
        {
            "id": 112,
            "key": "simple-android-app",
            "title": "Simple Android App",
            "category": 2,
            "description": "Know things about android application and how to develop one",
            "popularity": "Must Needed in 2021",
            "stableVersion": "4.1.2",
            "download": [
                {
                    "title": "Android Studio",
                    "url": "https://developer.android.com/studio"
                },
                {
                    "title": "Android SDK",
                    "url": "https://developer.android.com/studio/releases/sdk-tools"
                },
                {
                    "title": "Java",
                    "url" : "https://www.java.com/download/ie_manual.jsp"
                }
            ],
            "knowledge": [
                {
                    "title": "Basics of Mobile App Architecture",
                    "url": "https://www.youtube.com/watch?v=H3Ekg-fkmf0"
                },
                {
                    "title": "Basics of Java",
                    "url": null,
                    "key": "java"
                },
                {
                    "title": "Basics of OOPS Concept",
                    "url": null,
                    "key": "basics-oops"
                },
                {
                    "title": "Basics of xml",
                    "url": null,
                    "key": "xml"
                },
                {
                    "title": "Basics of programming",
                    "url": null,
                    "key": "basics-programming"
                }
            ],
            "tutorials": {
                "blogs": ["https://developer.android.com/docs", "https://www.androidauthority.com/android-studio-tutorial-beginners-637572/"],
                "youtube": ["https://www.youtube.com/watch?v=roDz8mMvbIg&list=PLknSwrodgQ72X4sKpzf5vT8kY80HKcUSe"],
                "udemy": ["https://www.udemy.com/course/learn-android-studio-java-from-scratch-the-master-course/"]
            },
            "steps": [
                {
                    "title": "Complete Basics of programming Module",
                    "url": null,
                    "key": "basics-programming"
                },
                {
                    "title": "Complete Basics of Java language Module",
                    "url": null,
                    "key": "java"
                },
                {
                    "title": "Complete Basics of xml Module",
                    "url": null,
                    "key": "xml"
                },
                {
                    "title": "Try and use android studio IDE",
                    "url": null
                },
                {
                    "title": "Try and work on a simple app",
                    "url": null
                }
            ]
        },
        {
            "id": 113,
            "key": "android-app-ui",
            "title": "Android App UI",
            "category": 2,
            "description": "Get to learn how to create or build a user interface for an android application",
            "popularity": "Must Needed in 2021",
            "stableVersion": null,
            "download": [
                {
                    "title": "Android Studio",
                    "url": "https://developer.android.com/studio"
                },
                {
                    "title": "Android SDK",
                    "url": "https://developer.android.com/studio/releases/sdk-tools"
                },
                {
                    "title": "Java",
                    "url" : "https://www.java.com/download/ie_manual.jsp"
                }
            ],
            "knowledge": [
                {
                    "title": "Simple Android App",
                    "url": null,
                    "key": "simple-android-app"
                }
            ],
            "tutorials": {
                "blogs": ["https://developer.android.com/docs"],
                "youtube": [],
                "udemy": ["https://www.udemy.com/course/learn-android-studio-java-from-scratch-the-master-course/"]
            },
            "steps": [
                {
                    "title": "Complete Simple Android App Module",
                    "url": null,
                    "key": "simple-android-app"
                },
                {
                    "title": "Try and work on UI and UX of mobile screens",
                    "url": null
                }
            ]
        },
        {
            "id": 114,
            "title": "Complex Android App",
            "key": "complex-android-app",
            "category": 2,
            "description": "Get to learn how to create or build a complex android application",
            "popularity": "Must Needed in 2021",
            "stableVersion": null,
            "subModules": [
                {
                    "title": "Android App UI",
                    "key": "android-app-ui"
                },
                {
                    "title": "Server Side",
                    "key": "server-side"
                }
            ],
            "download": [
                {
                    "title": "Android Studio",
                    "url": "https://developer.android.com/studio"
                },
                {
                    "title": "Android SDK",
                    "url": "https://developer.android.com/studio/releases/sdk-tools"
                },
                {
                    "title": "Java",
                    "url" : "https://www.java.com/download/ie_manual.jsp"
                }
            ],
            "knowledge": [
                {
                    "title": "Simple Android App",
                    "url": null,
                    "key": "simple-android-app"
                }
            ],
            "tutorials": {
                "blogs": ["https://developer.android.com/docs"],
                "youtube": ["https://www.youtube.com/watch?v=GVtCt1O2Q1o"],
                "udemy": ["https://www.udemy.com/course/advanced-android-development/"]
            },
            "steps": [
                {
                    "title": "Complete Simple Android App Module",
                    "url": null,
                    "key": "simple-android-app"
                },
                {
                    "title": "Learn Client-Server Architecture",
                    "url": "https://www.youtube.com/watch?v=L5BlpPU_muY"
                },
                {
                    "title": "Try and work on UI and UX of mobile screens",
                    "url": null
                }
            ]
        },
        {
            "id": 115,
            "title": "Hybrid App",
            "key": "hybrid-app",
            "category": 2,
            "description": "Get to learn how to create or build a hybrid mobile application that supports both android & IOS",
            "popularity": "Very High Demand in 2021",
            "stableVersion": null,
            "subModules": [
                {
                    "title": "React Native",
                    "key": "react-native"
                },
                {
                    "title": "Flutter",
                    "key": "flutter"
                }
            ],
            "download": [],
            "knowledge": [
                {
                    "title": "Simple Android App",
                    "url": null,
                    "key": "simple-android-app"
                },
                {
                    "title": "How hybrid apps work?",
                    "url": "https://www.youtube.com/watch?v=jE5W89GslX8"
                }
            ],
            "tutorials": {
                "blogs": ["https://www.sitepoint.com/native-vs-hybrid-app-development/", "https://arkenea.com/blog/develop-hybrid-app/"],
                "youtube": ["https://youtu.be/jE5W89GslX8"],
                "udemy": []
            },
            "steps": [
                {
                    "title": "Have an idea on both android & IOS development",
                    "url": "https://www.youtube.com/watch?v=jE5W89GslX8"
                },
                {
                    "title": "Choose a framework to develop",
                    "url": "https://www.youtube.com/watch?v=uxZZzmeCoLE"
                },
                {
                    "title": "Try and work on that framework",
                    "url": null
                }
            ]
        },
        {
            "id": 116,
            "key": "xml",
            "title": "Basics of XML",
            "category": 3,
            "description": "Learn how xml language is used for mobile development and learn it",
            "popularity": null,
            "stableVersion": null,
            "download": [
                {
                    "title": "An IDE (suggestion: Code Blocks)",
                    "url" : "https://www.codeblocks.org/downloads/"
                }
            ],
            "knowledge": [
                {
                    "title": "Basics of scripting language",
                    "url": null,
                    "key": "scripting-languages"
                }
            ],
            "tutorials": {
                "blogs": ["https://www.w3schools.com/xml/xml_whatis.asp", "https://www.tutorialspoint.com/xml/xml_overview.htm"],
                "youtube": ["https://youtu.be/n-y-YHVZSwk"],
                "udemy": ["https://www.udemy.com/course/xml-step-by-step-for-beginners/"]
            },
            "steps": [
                {
                    "title": "Complete Basics of scripting language Module",
                    "url": null,
                    "key": "scripting-languages"
                },
                {
                    "title": "Try using xml",
                    "url": null
                }
            ]
        },
        {
            "id": 117,
            "key": "data-structures-algorithms",
            "title": "Data Structures & Algorithms",
            "category": 3,
            "description": "Learn how data structures and algorithms influences the programming world and how to learn it",
            "popularity": "Must Needed in 2021",
            "stableVersion": null,
            "download": [
                {
                    "title": "An IDE (suggestion: Code Blocks)",
                    "url" : "https://www.codeblocks.org/downloads/"
                },
                {
                    "title": "A C or Java Compiler",
                    "url" : "https://www.codechef.com/ide"
                }
            ],
            "knowledge": [
                {
                    "title": "Basics of programming",
                    "url": null,
                    "key": "basics-programming"
                }
            ],
            "tutorials": {
                "blogs": ["https://www.programiz.com/dsa", "https://www.geeksforgeeks.org/data-structures/"],
                "youtube": ["https://www.youtube.com/watch?v=BBpAmxU_NQo"],
                "udemy": ["https://www.udemy.com/course/introduction-to-algorithms-and-data-structures-in-c/"]
            },
            "steps": [
                {
                    "title": "Complete Basics of programming Module",
                    "url": null,
                    "key": "basics-programming"
                },
                {
                    "title": "Choose and comfortable language and learn its basics",
                    "url": null
                },
                {
                    "title": "Get Familiar with all searching and sorting algorithms",
                    "url": null
                }
            ]
        },
        {
            "id": 118,
            "key": "advanced-algorithms",
            "title": "Advanced Algorithms",
            "category": 3,
            "description": "Learn the super power of problem solving in the development era",
            "popularity": "Must Needed in 2021",
            "stableVersion": null,
            "download": [
                {
                    "title": "An IDE (suggestion: Code Blocks)",
                    "url" : "https://www.codeblocks.org/downloads/"
                },
                {
                    "title": "A C or Java Compiler",
                    "url" : "https://www.codechef.com/ide"
                }
            ],
            "knowledge": [
                {
                    "title": "Basics of programming",
                    "url": null,
                    "key": "basics-programming"
                },
                {
                    "title": "Data Structures & Algorithms",
                    "url": null,
                    "key": "data-structures-alogrithms"
                }
            ],
            "tutorials": {
                "blogs": ["https://www.geeksforgeeks.org/fundamentals-of-algorithms/"],
                "youtube": ["https://youtu.be/0JUN9aDxVmI"],
                "udemy": ["https://www.udemy.com/course/advanced-algorithms-in-java/"]
            },
            "steps": [
                {
                    "title": "Complete Basics of programming Module",
                    "url": null,
                    "key": "basics-programming"
                },
                {
                    "title": "Complete Data Structutes & Algorithms Module",
                    "url": null,
                    "key": "data-structures-algorithms"
                }
            ]
        },
        {
            "id": 119,
            "key": "dart",
            "title": "Basics of Dart",
            "category": 3,
            "description": "Learn the dart programming language which power the framework called flutter",
            "popularity": "Needed in 2021",
            "stableVersion": null,
            "download": [
                {
                    "title": "An IDE (suggestion: Code Blocks)",
                    "url" : "https://www.codeblocks.org/downloads/"
                },
                {
                    "title": "Dart Compiler",
                    "url" : "https://dartpad.dev"
                }
            ],
            "knowledge": [
                {
                    "title": "Basics of programming",
                    "url": null,
                    "key": "basics-programming"
                },
                {
                    "title": "Basics of C++",
                    "url": "https://www.youtube.com/watch?v=vLnPwxZdW4Y"
                }
            ],
            "tutorials": {
                "blogs": ["https://dart.dev", "https://www.tutorialspoint.com/dart_programming/index.htm"],
                "youtube": ["https://www.youtube.com/watch?v=Ej_Pcr4uC2Q", "https://youtu.be/o_wbmiCux4M"],
                "udemy": ["https://www.udemy.com/course/dart-programming-tutorial-learn-the-dart-for-flutter/"]
            },
            "steps": [
                {
                    "title": "Complete Basics of programming Module",
                    "url": null,
                    "key": "basics-programming"
                },
                {
                    "title": "Complete Data Structutes & Algorithms Module",
                    "url": null,
                    "key": "data-structures-algorithms"
                },
                {
                    "title": "Learn how dart influences flutter?",
                    "url": "https://www.youtube.com/watch?v=5F-6n_2XWR8"
                }
            ]
        },
        {
            "id": 120,
            "key": "flutter",
            "title": "Basics of Flutter",
            "category": 2,
            "description": "Learn the flutter framework to build hybrid mobile applications",
            "popularity": "Very Demand in 2021",
            "stableVersion": null,
            "download": [
                {
                    "title": "Flutter SDK",
                    "url" : "https://flutter.dev/docs/get-started/install"
                },
                {
                    "title": "An IDE (suggestion: VS Code)",
                    "url" : "https://code.visualstudio.com/download"
                },
                {
                    "title": "ADB Driver",
                    "url" : "https://adb.clockworkmod.com"
                }
            ],
            "knowledge": [
                {
                    "title": "Basics of Mobile App Architecture",
                    "url": "https://www.youtube.com/watch?v=H3Ekg-fkmf0"
                },
                {
                    "title": "Basics of programming",
                    "url": null,
                    "key": "basics-programming"
                },
                {
                    "title": "Basics of Dart",
                    "url": null,
                    "key": "dart"
                }
            ],
            "tutorials": {
                "blogs": ["https://flutter.dev", "https://codelabs.developers.google.com/codelabs/first-flutter-app-pt1#0"],
                "youtube": ["https://www.youtube.com/watch?v=1ukSR1GRtMU&list=PL4cUxeGkcC9jLYyp2Aoh6hcWuxFDX6PBJ", "https://www.youtube.com/watch?v=pTJJsmejUOQ"],
                "udemy": ["https://www.udemy.com/course/learn-flutter-beginners-course/", "https://www.udemy.com/course/pre-google-flutter-and-dart-everything-you-need-to-know/"]
            },
            "steps": [
                {
                    "title": "Complete Hybrid App Module",
                    "url": null,
                    "key": "hybrid-app"
                },
                {
                    "title": "Complete Basics of dart Module",
                    "url": null,
                    "key": "dart"
                },
                {
                    "title": "Learn how flutter works?",
                    "url": "https://www.youtube.com/watch?v=I9ceqw5Ny-4"
                }
            ]
        },
        {
            "id": 121,
            "key": "react-native",
            "title": "Basics of React Native",
            "category": 2,
            "description": "Learn the react native framework to build hybrid mobile applications",
            "popularity": "Very Demand in 2021",
            "stableVersion": null,
            "download": [
                {
                    "title": "React Native",
                    "url" : "https://reactnative.dev/docs/environment-setup"
                },
                {
                    "title": "An IDE (suggestion: VS Code)",
                    "url" : "https://code.visualstudio.com/download"
                },
                {
                    "title": "NodeJS",
                    "url" : "https://nodejs.org/en/download/"
                },
                {
                    "title": "Good Browser (suggestion: Google Chrome)",
                    "url" : "https://www.google.com/chrome/"
                }
            ],
            "knowledge": [
                {
                    "title": "Basics of Mobile App Architecture",
                    "url": "https://www.youtube.com/watch?v=H3Ekg-fkmf0"
                },
                {
                    "title": "Basics of programming",
                    "url": null,
                    "key": "basics-programming"
                },
                {
                    "title": "Basics of javascript",
                    "url": null,
                    "key": "javascript"
                },
                {
                    "title": "Basics of nodejs and npm",
                    "url": null,
                    "key": "nodejs-npm"
                },
                {
                    "title": "Basics of react",
                    "url": null,
                    "key": "react"
                }
            ],
            "tutorials": {
                "blogs": ["https://reactnative.dev", "https://www.simplilearn.com/react-native-tutorial-article"],
                "youtube": ["https://www.youtube.com/watch?v=0-S5a0eXPoc", "https://www.youtube.com/watch?v=qSRrxpdMpVc"],
                "udemy": ["https://www.udemy.com/course/react-basic-in-just-1-hour/", "https://www.udemy.com/course/create-a-tiny-app-with-react-native/"]
            },
            "steps": [
                {
                    "title": "Complete Hybrid App Module",
                    "url": null,
                    "key": "hybrid-app"
                },
                {
                    "title": "Complete Basics of Javascript language Module",
                    "url": null,
                    "key": "javascript"
                },
                {
                    "title": "Learn nodejs and npm",
                    "url": null,
                    "key": "nodejs-npm"
                },
                {
                    "title": "Learn react basics",
                    "url": null,
                    "key": "react"
                }
            ]
        },
        {
            "id": 122,
            "key": "nodejs-npm",
            "title": "Basics of NodeJS and npm",
            "category": 3,
            "description": "Learn nodejs and npm modules working and how to work with it",
            "popularity": "Demand in 2021",
            "stableVersion": null,
            "download": [
                {
                    "title": "An IDE (suggestion: VS Code)",
                    "url" : "https://code.visualstudio.com/download"
                },
                {
                    "title": "NodeJS",
                    "url" : "https://nodejs.org/en/download/"
                },
                {
                    "title": "Good Browser (suggestion: Google Chrome)",
                    "url" : "https://www.google.com/chrome/"
                }
            ],
            "knowledge": [
                {
                    "title": "Basics of programming",
                    "url": null,
                    "key": "basics-programming"
                },
                {
                    "title": "Basics of javascript",
                    "url": null,
                    "key": "javascript"
                }
            ],
            "tutorials": {
                "blogs": ["https://nodejs.org/en/docs/", "https://www.w3schools.com/nodejs/", "https://nodejs.dev/learn"],
                "youtube": ["https://www.youtube.com/watch?v=TlB_eWDSMt4", "https://www.youtube.com/watch?v=fBNz5xF-Kx4", "https://www.youtube.com/watch?v=RLtyhwFtXQA"],
                "udemy": ["https://www.udemy.com/course/node-js-api-tutorial/", "https://www.udemy.com/course/intro-to-node-js-express/"]
            },
            "steps": [
                {
                    "title": "Complete basics of programming module",
                    "url": null,
                    "key": "basics-programming"
                },
                {
                    "title": "Complete Basics of Javascript language Module",
                    "url": null,
                    "key": "javascript"
                }
            ]
        },
        {
            "id": 123,
            "key": "c",
            "title": "Basics of C",
            "category": 3,
            "description": "Learn programming language c and learn how to work with it",
            "popularity": "Needed in 2021",
            "stableVersion": null,
            "download": [
                {
                    "title": "C Compiler",
                    "url" : "https://www.codechef.com/ide"
                }
            ],
            "knowledge": [
                {
                    "title": "Basics of programming",
                    "url": null,
                    "key": "basics-programming"
                }
            ],
            "tutorials": {
                "blogs": ["https://www.geeksforgeeks.org/c-language-set-1-introduction/", "https://www.javatpoint.com/c-programming-language-tutorial"],
                "youtube": ["https://www.youtube.com/watch?v=KJgsSFOSQv0", "https://www.youtube.com/watch?v=8LjPNYOxrVQ", "https://www.youtube.com/watch?v=HV9ba0bNvGQ"],
                "udemy": ["https://www.udemy.com/course/quickstart-guide-c-programming/", "https://www.udemy.com/course/c-language-interview-questions/"]
            },
            "steps": [
                {
                    "title": "Complete basics of programming module",
                    "url": null,
                    "key": "basics-programming"
                },
                {
                    "title": "Learn the basic syntax of c language",
                    "url": null,
                    "key": null
                }
            ]
        },
        {
            "id": 124,
            "key": "ui",
            "title": "User Interface Design",
            "category": 3,
            "description": "Explore about the user interface designing in the programming world",
            "popularity": "Must Needed in 2021",
            "stableVersion": null,
            "download": [
                {
                    "title": "Good Browser (suggestion: Google Chrome)",
                    "url" : "https://www.google.com/chrome/"
                }
            ],
            "knowledge": [
                {
                    "title": "What is an interface",
                    "url": "https://www.youtube.com/watch?v=2MZEHJG942M"
                }
            ],
            "tutorials": {
                "blogs": ["https://uxplanet.org/figma-all-you-need-to-know-156b52b88e54", "https://www.figma.com/resources/learn-design/"],
                "youtube": ["https://www.youtube.com/watch?v=3q3FV65ZrUs", "https://www.youtube.com/watch?v=sVop0l_yw9Y", "https://www.youtube.com/watch?v=Cx2dkpBxst8"],
                "udemy": ["https://www.udemy.com/course/fundamentals-of-user-interface-design/", "https://learnux.io/course/figma/intro-to-figma"]
            },
            "steps": [
                {
                    "title": "Learn what is user interface",
                    "url": "https://www.youtube.com/watch?v=2MZEHJG942M"
                },
                {
                    "title": "Start trying out designs with figma",
                    "url": "https://figma.com"
                }
            ]
        },
        {
            "id": 128,
            "key": "amazon-web-services",
            "title": "Amazon Web Services",
            "category": 4,
            "description": "Explore and learn about the various services provided by amazon that makes life much simpler.",
            "popularity": "Must Needed in 2022",
            "stableVersion": null,
            "download": [
                {
                    "title": "Good Browser (suggestion: Google Chrome)",
                    "url" : "https://www.google.com/chrome/"
                }
            ],
            "knowledge": [
                {
                    "title": "Basics of programming",
                    "url": null,
                    "key": "basics-programming"
                },
                {
                    "title": "What is a cloud?",
                    "url": "https://www.youtube.com/watch?v=4OO77HFcCUs"
                },
                {
                    "title": "Overview of AWS Services",
                    "url": "https://www.youtube.com/watch?v=Z3SYDTMP3ME"
                },
                {
                    "title": "AWS Account Creation",
                    "url": "https://progressivecoder.com/creating-an-aws-account-a-step-by-step-process-guide/"
                }
            ],
            "tutorials": {
                "blogs": ["https://aws.amazon.com/getting-started/hands-on/?getting-started-all.sort-by=item.additionalFields.sortOrder&getting-started-all.sort-order=asc&awsf.getting-started-category=*all&awsf.getting-started-level=*all&awsf.getting-started-content-type=*all", "https://www.javatpoint.com/aws-tutorial"],
                "youtube": ["https://youtube.com/playlist?list=PLt1SIbA8guuvvqyRA7BJMrSVtsrGD8fvo", "https://www.youtube.com/watch?v=uQdzcIf_KII"],
                "udemy": ["https://www.udemy.com/course/aws-certified-solutions-architect-associate-saa-c02/"]
            },
            "steps": [
                {
                    "title": "Create your free tier account in aws"
                },
                {
                    "title": "Learn What services they provide and each of their uses"
                },
                {
                    "title": "Learn One service and master it"
                },
                {
                    "title": "Have hands-on practise with the services you learn."
                }
            ]
        }
    ]
}